{
  "name": "2018_2025",
  "params": {
    "forced_drop_outs": -1.663939247852312,
    "kick_meters": 0.035238254558279086,
    "line_breaks": 1.7936788300463349,
    "meters_gained": 0.03189052959056932
  },
  "pvalues": {
    "forced_drop_outs": 3.3671299262085937e-43,
    "kick_meters": 1.79212291606186e-102,
    "line_breaks": 1.0242377605596279e-79,
    "meters_gained": 3.446835474857886e-176
  },
  "rsquared": 0.8187105751911544,
  "rsquared_adj": 0.8181661625040407,
  "fvalue": 1503.8418364784404,
  "f_pvalue": 0.0,
  "aic": 9435.101937348254,
  "bic": 9455.891678764641,
  "nobs": 1336.0
}